<?xml version="1.0" encoding="UTF-8"?>
<jdbcDataSource exportedWithPermissions="true"><folder>/public/Samples/MyExamples/Common</folder><name>ds_Demo_Data</name><version>1</version><label>ds_Demo_Data</label><creationDate>2015-01-07T09:59:00.516+01:00</creationDate><updateDate>2015-01-07T11:29:04.425+01:00</updateDate><driver>org.postgresql.Driver</driver><connectionUrl>jdbc:postgresql://localhost:5435/vizjs</connectionUrl><connectionUser>postgres</connectionUser><connectionPassword>ENC&lt;B7C77EB9023F241CECD504AD17BE454D&gt;</connectionPassword><timezone></timezone></jdbcDataSource>