<?xml version="1.0" encoding="UTF-8"?>
<reportUnit exportedWithPermissions="true"><folder>/public/Samples/Embedded_Tool_Kit</folder><name>Chart2</name><version>1</version><label>Chart2</label><description></description><creationDate>2015-01-08T22:02:31.373-05:00</creationDate><updateDate>2015-01-08T22:06:26.764-05:00</updateDate><mainReport><localResource xmlns:xsi="http://www.w3.org/2001/XMLSchema-instance" exportedWithPermissions="false" dataFile="main_jrxml.data" xsi:type="fileResource"><folder>/public/Samples/Embedded_Tool_Kit/Chart2_files</folder><name>main_jrxml</name><version>2</version><label>Main jrxml</label><creationDate>2015-01-08T22:02:31.373-05:00</creationDate><updateDate>2015-01-08T22:06:26.634-05:00</updateDate><fileType>jrxml</fileType></localResource></mainReport><dataSource><uri>/public/Samples/Data_Sources/FoodmartDataSourceJNDI</uri></dataSource><alwaysPromptControls>true</alwaysPromptControls><controlsLayout>1</controlsLayout></reportUnit>