<?xml version="1.0" encoding="UTF-8"?>
<reportUnit exportedWithPermissions="true"><folder>/public/Samples/Embedded_Tool_Kit</folder><name>MainReport</name><version>1</version><label>Main Report</label><description></description><creationDate>2015-01-08T22:01:25.579-05:00</creationDate><updateDate>2015-01-08T22:06:19.041-05:00</updateDate><mainReport><localResource xmlns:xsi="http://www.w3.org/2001/XMLSchema-instance" exportedWithPermissions="false" dataFile="main_jrxml.data" xsi:type="fileResource"><folder>/public/Samples/Embedded_Tool_Kit/MainReport_files</folder><name>main_jrxml</name><version>2</version><label>Main jrxml</label><creationDate>2015-01-08T22:01:25.579-05:00</creationDate><updateDate>2015-01-08T22:06:18.932-05:00</updateDate><fileType>jrxml</fileType></localResource></mainReport><dataSource><uri>/public/Samples/Data_Sources/FoodmartDataSourceJNDI</uri></dataSource><alwaysPromptControls>true</alwaysPromptControls><controlsLayout>1</controlsLayout></reportUnit>