<?xml version="1.0" encoding="UTF-8"?>
<inputControl exportedWithPermissions="true"><folder>/public/Samples/MyExamples/Input_Controls</folder><name>Blood_Type</name><version>0</version><label>Blood Type</label><description></description><creationDate>2015-01-07T09:59:00.564+01:00</creationDate><updateDate>2014-12-30T19:39:28.826+01:00</updateDate><type>7</type><mandatory>false</mandatory><readOnly>false</readOnly><visible>true</visible><query><localResource xmlns:xsi="http://www.w3.org/2001/XMLSchema-instance" exportedWithPermissions="false" xsi:type="query"><folder>/public/Samples/MyExamples/Input_Controls/Blood_Type_files</folder><name>Query</name><version>0</version><label>Query</label><description></description><creationDate>2015-01-07T09:59:00.564+01:00</creationDate><updateDate>2014-12-29T18:50:08.862+01:00</updateDate><language>sql</language><queryString>SELECT 
  "Medical_Data".blood_type
FROM 
  public."Medical_Data";</queryString><dataSource><uri>/public/Samples/MyExamples/Common/ds_Demo_Data</uri></dataSource></localResource></query><queryVisibleColumn>blood_type</queryVisibleColumn><queryValueColumn>blood_type</queryValueColumn></inputControl>