<?xml version="1.0" encoding="UTF-8"?>
<inputControl exportedWithPermissions="true"><folder>/public/Samples/MyExamples/Input_Controls</folder><name>Drugs</name><version>0</version><label>Drugs</label><description></description><creationDate>2015-01-07T09:59:00.636+01:00</creationDate><updateDate>2014-12-29T18:54:09.394+01:00</updateDate><type>7</type><mandatory>false</mandatory><readOnly>false</readOnly><visible>true</visible><query><localResource xmlns:xsi="http://www.w3.org/2001/XMLSchema-instance" exportedWithPermissions="false" xsi:type="query"><folder>/public/Samples/MyExamples/Input_Controls/Drugs_files</folder><name>Query</name><version>0</version><label>Query</label><description></description><creationDate>2015-01-07T09:59:00.636+01:00</creationDate><updateDate>2014-12-29T18:54:09.394+01:00</updateDate><language>sql</language><queryString>SELECT 
  "Medical_Data".drugs
FROM 
  public."Medical_Data";</queryString><dataSource><uri>/public/Samples/MyExamples/Common/ds_Demo_Data</uri></dataSource></localResource></query><queryVisibleColumn>drugs</queryVisibleColumn><queryValueColumn>drugs</queryValueColumn></inputControl>