<?xml version="1.0" encoding="UTF-8"?>
<inputControl exportedWithPermissions="true"><folder>/public/Samples/MyExamples/Input_Controls</folder><name>Marital_Status</name><version>0</version><label>Marital Status</label><description></description><creationDate>2015-01-07T09:59:00.696+01:00</creationDate><updateDate>2014-12-29T19:03:24.402+01:00</updateDate><type>7</type><mandatory>false</mandatory><readOnly>false</readOnly><visible>true</visible><query><localResource xmlns:xsi="http://www.w3.org/2001/XMLSchema-instance" exportedWithPermissions="false" xsi:type="query"><folder>/public/Samples/MyExamples/Input_Controls/Marital_Status_files</folder><name>Query</name><version>0</version><label>Query</label><description></description><creationDate>2015-01-07T09:59:00.696+01:00</creationDate><updateDate>2014-12-29T19:03:24.402+01:00</updateDate><language>sql</language><queryString>SELECT 
  "Medical_Data".marital_status
FROM 
  public."Medical_Data";</queryString><dataSource><uri>/public/Samples/MyExamples/Common/ds_Demo_Data</uri></dataSource></localResource></query><queryVisibleColumn>marital_status</queryVisibleColumn><queryValueColumn>marital_status</queryValueColumn></inputControl>