<?xml version="1.0" encoding="UTF-8"?>
<reportUnit exportedWithPermissions="true"><folder>/public/SESamples/EmbeddedToolkit</folder><name>MapIt</name><version>0</version><label>MapIt</label><description></description><creationDate>2015-01-08T21:21:13.151+01:00</creationDate><updateDate>2015-01-07T21:59:32.182+01:00</updateDate><mainReport><localResource xmlns:xsi="http://www.w3.org/2001/XMLSchema-instance" exportedWithPermissions="false" dataFile="main_jrxml.data" xsi:type="fileResource"><folder>/public/SESamples/EmbeddedToolkit/MapIt_files</folder><name>main_jrxml</name><version>0</version><label>Main jrxml</label><creationDate>2015-01-08T21:21:13.151+01:00</creationDate><updateDate>2015-01-08T21:21:13.151+01:00</updateDate><fileType>jrxml</fileType></localResource></mainReport><dataSource><uri>/public/Samples/Data_Sources/FoodmartDataSourceJNDI</uri></dataSource><alwaysPromptControls>true</alwaysPromptControls><controlsLayout>1</controlsLayout></reportUnit>