<?xml version="1.0" encoding="UTF-8"?>
<reportUnit exportedWithPermissions="true"><folder>/public/Samples/MyExamples</folder><name>Chart2</name><version>0</version><label>Chart 2</label><description></description><creationDate>2015-01-07T09:59:00.303+01:00</creationDate><updateDate>2015-01-05T20:39:55.774+01:00</updateDate><mainReport><localResource xmlns:xsi="http://www.w3.org/2001/XMLSchema-instance" exportedWithPermissions="false" dataFile="main_jrxml.data" xsi:type="fileResource"><folder>/public/Samples/MyExamples/Chart2_files</folder><name>main_jrxml</name><version>0</version><label>Main jrxml</label><creationDate>2015-01-07T09:59:00.303+01:00</creationDate><updateDate>2015-01-05T20:39:55.670+01:00</updateDate><fileType>jrxml</fileType></localResource></mainReport><dataSource><uri>/public/Samples/Data_Sources/FoodmartDataSourceJNDI</uri></dataSource><alwaysPromptControls>true</alwaysPromptControls><controlsLayout>1</controlsLayout></reportUnit>