<?xml version="1.0" encoding="UTF-8"?>
<reportUnit exportedWithPermissions="true"><folder>/public/Samples/MyExamples</folder><name>Chart1</name><version>0</version><label>Chart 1</label><description></description><creationDate>2015-01-07T09:59:00.203+01:00</creationDate><updateDate>2015-01-05T20:39:51.460+01:00</updateDate><mainReport><localResource xmlns:xsi="http://www.w3.org/2001/XMLSchema-instance" exportedWithPermissions="false" dataFile="main_jrxml.data" xsi:type="fileResource"><folder>/public/Samples/MyExamples/Chart1_files</folder><name>main_jrxml</name><version>0</version><label>Main jrxml</label><creationDate>2015-01-07T09:59:00.203+01:00</creationDate><updateDate>2015-01-05T20:39:51.355+01:00</updateDate><fileType>jrxml</fileType></localResource></mainReport><dataSource><uri>/public/Samples/Data_Sources/FoodmartDataSourceJNDI</uri></dataSource><alwaysPromptControls>true</alwaysPromptControls><controlsLayout>1</controlsLayout></reportUnit>