<?xml version="1.0" encoding="UTF-8"?>
<reportUnit exportedWithPermissions="true"><folder>/public/Samples/MyExamples</folder><name>MainReport</name><version>18</version><label>Main Report</label><description></description><creationDate>2015-01-07T09:59:00.366+01:00</creationDate><updateDate>2015-01-07T19:33:50.538+01:00</updateDate><mainReport><localResource xmlns:xsi="http://www.w3.org/2001/XMLSchema-instance" exportedWithPermissions="false" dataFile="main_jrxml.data" xsi:type="fileResource"><folder>/public/Samples/MyExamples/MainReport_files</folder><name>main_jrxml</name><version>36</version><label>Main jrxml</label><creationDate>2015-01-07T09:59:00.366+01:00</creationDate><updateDate>2015-01-07T19:33:50.441+01:00</updateDate><fileType>jrxml</fileType></localResource></mainReport><dataSource><uri>/public/Samples/Data_Sources/FoodmartDataSourceJNDI</uri></dataSource><alwaysPromptControls>true</alwaysPromptControls><controlsLayout>1</controlsLayout></reportUnit>