<?xml version="1.0" encoding="UTF-8"?>
<reportUnit exportedWithPermissions="true"><folder>/public/Samples/MyExamples</folder><name>MedicalDetails</name><version>0</version><label>Medical Details</label><description></description><creationDate>2015-01-07T09:59:00.726+01:00</creationDate><updateDate>2015-01-05T15:57:30.338+01:00</updateDate><mainReport><localResource xmlns:xsi="http://www.w3.org/2001/XMLSchema-instance" exportedWithPermissions="false" dataFile="main_jrxml.data" xsi:type="fileResource"><folder>/public/Samples/MyExamples/MedicalDetails_files</folder><name>main_jrxml</name><version>0</version><label>main_jrxml</label><creationDate>2015-01-07T09:59:00.726+01:00</creationDate><updateDate>2015-01-05T15:57:29.470+01:00</updateDate><fileType>jrxml</fileType></localResource></mainReport><dataSource><uri>/public/Samples/MyExamples/Common/ds_Demo_Data</uri></dataSource><inputControl><uri>/public/Samples/MyExamples/Input_Controls/Blood_Type</uri></inputControl><inputControl><uri>/public/Samples/MyExamples/Input_Controls/Drugs</uri></inputControl><inputControl><uri>/public/Samples/MyExamples/Input_Controls/Marital_Status</uri></inputControl><inputControlRenderingView></inputControlRenderingView><alwaysPromptControls>true</alwaysPromptControls><controlsLayout>4</controlsLayout></reportUnit>